Quest,Completion,Points,Epoch
NATIVE_TOKEN_TRANSFER_OUT,17099.0,2500.0,5
NATIVE_TOKEN_TRANSFER_IN,12733.0,1000.0,5
LP_ANY_TOKEN,9995.0,5000.0,5
BTC_TRANSFER_IN,5239.0,2500.0,5
ETH_TRANSFER_IN,6320.0,2500.0,5
BNB_TRANSFER_IN,10824.0,2500.0,5
NATIVE_TOKEN_TRANSFER_OUT,43598.0,2500.0,6
NATIVE_TOKEN_TRANSFER_IN,43863.0,1000.0,6
LP_ANY_TOKEN,37770.0,5000.0,6
BTC_TRANSFER_IN,28733.0,2500.0,6
ETH_TRANSFER_IN,30706.0,2500.0,6
BNB_TRANSFER_IN,39015.0,2500.0,6
NATIVE_TOKEN_TRANSFER_OUT,45401.0,2500.0,7
NATIVE_TOKEN_TRANSFER_IN,44487.0,1000.0,7
LP_ANY_TOKEN,35552.0,5000.0,7
BTC_TRANSFER_IN,30933.0,2500.0,7
ETH_TRANSFER_IN,32192.0,2500.0,7
BNB_TRANSFER_IN,37756.0,2500.0,7
NATIVE_TOKEN_TRANSFER_OUT,39095.0,2500.0,8
NATIVE_TOKEN_TRANSFER_IN,37512.0,1000.0,8
LP_ANY_TOKEN,27123.0,5000.0,8
BTC_TRANSFER_IN,29802.0,2500.0,8
ETH_TRANSFER_IN,30541.0,2500.0,8
BNB_TRANSFER_IN,33443.0,2500.0,8
NATIVE_TOKEN_TRANSFER_OUT,18211.0,2500.0,9
NATIVE_TOKEN_TRANSFER_IN,13724.0,1000.0,9
LP_ANY_TOKEN,12669.0,5000.0,9
BTC_TRANSFER_IN,10808.0,2500.0,9
ETH_TRANSFER_IN,10574.0,2500.0,9
BNB_TRANSFER_IN,11695.0,2500.0,9
NATIVE_TOKEN_TRANSFER_OUT,224460.0,2500.0,10
NATIVE_TOKEN_TRANSFER_IN,228752.0,1000.0,10
LP_ANY_TOKEN,212308.0,5000.0,10
BTC_TRANSFER_IN,205032.0,2500.0,10
ETH_TRANSFER_IN,208765.0,2500.0,10
BNB_TRANSFER_IN,222081.0,2500.0,10
NATIVE_TOKEN_TRANSFER_OUT,506496.0,2500.0,11
NATIVE_TOKEN_TRANSFER_IN,510854.0,1000.0,11
LP_ANY_TOKEN,459392.0,5000.0,11
BTC_TRANSFER_IN,453609.0,2500.0,11
ETH_TRANSFER_IN,460911.0,2500.0,11
BNB_TRANSFER_IN,476529.0,2500.0,11
NATIVE_TOKEN_TRANSFER_OUT,623922.0,2500.0,12
NATIVE_TOKEN_TRANSFER_IN,623637.0,1000.0,12
LP_ANY_TOKEN,581207.0,5000.0,12
BTC_TRANSFER_IN,589103.0,2500.0,12
ETH_TRANSFER_IN,595451.0,2500.0,12
BNB_TRANSFER_IN,607252.0,2500.0,12
DEFI1_SWAP,343890.0,2500.0,12
DEPOSIT_VAULT,326849.0,2500.0,12
DEFI2_DEPOSIT,500749.0,2500.0,12
NATIVE_TOKEN_TRANSFER_OUT,639817.0,2500.0,13
NATIVE_TOKEN_TRANSFER_IN,636543.0,1000.0,13
LP_ANY_TOKEN,591937.0,5000.0,13
BTC_TRANSFER_IN,602614.0,2500.0,13
ETH_TRANSFER_IN,613830.0,2500.0,13
BNB_TRANSFER_IN,621445.0,2500.0,13
DEFI1_SWAP,375087.0,2500.0,13
DEPOSIT_VAULT,390502.0,2500.0,13
DEFI2_DEPOSIT,518619.0,2500.0,13
NATIVE_TOKEN_TRANSFER_OUT,722896.0,2500.0,14
NATIVE_TOKEN_TRANSFER_IN,714787.0,1000.0,14
LP_ANY_TOKEN,646521.0,5000.0,14
BTC_TRANSFER_IN,679830.0,2500.0,14
ETH_TRANSFER_IN,700197.0,2500.0,14
BNB_TRANSFER_IN,696911.0,2500.0,14
DEFI1_SWAP,408164.0,2500.0,14
DEPOSIT_VAULT,459757.0,2500.0,14
DEFI2_DEPOSIT,617949.0,2500.0,14
DEFI3_STAKE,500646.0,2500.0,14
DEFI4_SWAP,481295.0,2500.0,14
GAME1_MINT,439616.0,2500.0,14
NATIVE_TOKEN_TRANSFER_OUT,701366.0,2500.0,15
NATIVE_TOKEN_TRANSFER_IN,696646.0,1000.0,15
LP_ANY_TOKEN,640108.0,5000.0,15
BTC_TRANSFER_IN,651483.0,2500.0,15
ETH_TRANSFER_IN,696829.0,2500.0,15
BNB_TRANSFER_IN,692148.0,2500.0,15
DEFI1_SWAP,426080.0,2500.0,15
DEPOSIT_VAULT,368902.0,2500.0,15
DEFI2_DEPOSIT,583424.0,2500.0,15
DEFI3_STAKE,534534.0,2500.0,15
DEFI4_SWAP,471323.0,2500.0,15
GAME1_MINT,249571.0,2500.0,15
NATIVE_TOKEN_TRANSFER_OUT,637606.0,2500.0,16
NATIVE_TOKEN_TRANSFER_IN,632018.0,1000.0,16
LP_ANY_TOKEN,552737.0,5000.0,16
BTC_TRANSFER_IN,586480.0,2500.0,16
ETH_TRANSFER_IN,610378.0,2500.0,16
BNB_TRANSFER_IN,596746.0,2500.0,16
DEFI1_SWAP,332307.0,2500.0,16
DEPOSIT_VAULT,397134.0,2500.0,16
DEFI2_DEPOSIT,471891.0,2500.0,16
DEFI3_STAKE,484963.0,2500.0,16
DEFI4_SWAP,420191.0,2500.0,16
GAME1_MINT,323770.0,2500.0,16
GAM2_BUY,9737.0,2500.0,16
DEFI5_SWAP,361304.0,2500.0,16
NATIVE_TOKEN_TRANSFER_OUT,555198.0,2500.0,17
NATIVE_TOKEN_TRANSFER_IN,551074.0,1000.0,17
LP_ANY_TOKEN,504285.0,5000.0,17
BTC_TRANSFER_IN,537904.0,2500.0,17
ETH_TRANSFER_IN,549529.0,2500.0,17
BNB_TRANSFER_IN,556157.0,2500.0,17
DEFI1_SWAP,345462.0,2500.0,17
DEPOSIT_VAULT,409185.0,2500.0,17
DEFI2_DEPOSIT,491976.0,2500.0,17
DEFI3_STAKE,448669.0,2500.0,17
DEFI4_SWAP,392413.0,2500.0,17
GAME1_MINT,296436.0,2500.0,17
GAM2_BUY,17831.0,2500.0,17
DEFI5_SWAP,380326.0,2500.0,17
NATIVE_TOKEN_TRANSFER_OUT,529808.0,2500.0,18
NATIVE_TOKEN_TRANSFER_IN,527315.0,1000.0,18
LP_ANY_TOKEN,474884.0,5000.0,18
BTC_TRANSFER_IN,504718.0,2500.0,18
ETH_TRANSFER_IN,521976.0,2500.0,18
BNB_TRANSFER_IN,520189.0,2500.0,18
DEFI1_SWAP,336624.0,2500.0,18
DEPOSIT_VAULT,367306.0,2500.0,18
DEFI2_DEPOSIT,472498.0,2500.0,18
DEFI3_STAKE,422660.0,2500.0,18
DEFI4_SWAP,369797.0,2500.0,18
GAM2_BUY,9837.0,2500.0,18
DEFI5_SWAP,358705.0,2500.0,18
DEFI8_DEPOSIT,17049.0,2500.0,18
BUY_DOMAIN_ID,68374.0,2500.0,18
NATIVE_TOKEN_TRANSFER_OUT,527018.0,2500.0,19
NATIVE_TOKEN_TRANSFER_IN,525171.0,1000.0,19
LP_ANY_TOKEN,479208.0,5000.0,19
BTC_TRANSFER_IN,499715.0,2500.0,19
ETH_TRANSFER_IN,523282.0,2500.0,19
BNB_TRANSFER_IN,515106.0,2500.0,19
DEFI1_SWAP,325026.0,2500.0,19
DEPOSIT_VAULT,377120.0,2500.0,19
DEFI2_DEPOSIT,473998.0,2500.0,19
DEFI3_STAKE,428568.0,2500.0,19
DEFI4_SWAP,366233.0,2500.0,19
GAM2_BUY,32452.0,2500.0,19
DEFI5_SWAP,350539.0,2500.0,19
DEFI8_DEPOSIT,15261.0,2500.0,19
BUY_DOMAIN_ID,26291.0,2500.0,19
NATIVE_TOKEN_TRANSFER_OUT,508456.0,2500.0,20
NATIVE_TOKEN_TRANSFER_IN,505751.0,1000.0,20
LP_ANY_TOKEN,459525.0,5000.0,20
BTC_TRANSFER_IN,476618.0,2500.0,20
ETH_TRANSFER_IN,502842.0,2500.0,20
BNB_TRANSFER_IN,499152.0,2500.0,20
DEFI1_SWAP,278849.0,2500.0,20
DEPOSIT_VAULT,367781.0,2500.0,20
DEFI2_DEPOSIT,464053.0,2500.0,20
DEFI3_STAKE,417055.0,2500.0,20
DEFI4_SWAP,362347.0,2500.0,20
DEFI5_SWAP,349062.0,2500.0,20
DEFI8_DEPOSIT,14456.0,2500.0,20
NFT1_SELL_OR_MINT,34531.0,2500.0,20
BUY_DOMAIN_ID,21494.0,2500.0,20
GAME1_PLAY,155831.0,2500.0,20
NATIVE_TOKEN_TRANSFER_OUT,494231.0,2500.0,21
NATIVE_TOKEN_TRANSFER_IN,490610.0,1000.0,21
LP_ANY_TOKEN,452924.0,5000.0,21
BTC_TRANSFER_IN,458736.0,2500.0,21
ETH_TRANSFER_IN,483761.0,2500.0,21
BNB_TRANSFER_IN,485080.0,2500.0,21
DEFI1_SWAP,270568.0,2500.0,21
DEPOSIT_VAULT,359016.0,2500.0,21
DEFI2_DEPOSIT,449391.0,2500.0,21
DEFI3_STAKE,405654.0,2500.0,21
DEFI4_SWAP,298232.0,2500.0,21
DEFI5_SWAP,311861.0,2500.0,21
DEFI8_DEPOSIT,14331.0,2500.0,21
NFT1_SELL_OR_MINT,69818.0,2500.0,21
BUY_DOMAIN_ID,19875.0,2500.0,21
GAME1_PLAY,164498.0,2500.0,21
NATIVE_TOKEN_TRANSFER_OUT,338659.0,2500.0,22
NATIVE_TOKEN_TRANSFER_IN,334794.0,1000.0,22
LP_ANY_TOKEN,297718.0,5000.0,22
BTC_TRANSFER_IN,320034.0,2500.0,22
ETH_TRANSFER_IN,340849.0,2500.0,22
BNB_TRANSFER_IN,337169.0,2500.0,22
DEFI1_SWAP,162633.0,2500.0,22
DEPOSIT_VAULT,239229.0,2500.0,22
DEFI2_DEPOSIT,311375.0,2500.0,22
DEFI3_STAKE,268104.0,2500.0,22
DEFI4_SWAP,216196.0,2500.0,22
DEFI5_SWAP,199744.0,2500.0,22
DEFI8_DEPOSIT,11377.0,2500.0,22
NFT1_SELL_OR_MINT,44798.0,2500.0,22
BUY_DOMAIN_ID,11081.0,2500.0,22
GAME1_PLAY,124135.0,2500.0,22
NATIVE_TOKEN_TRANSFER_OUT,185501.0,2500.0,23
NATIVE_TOKEN_TRANSFER_IN,183593.0,1000.0,23
LP_ANY_TOKEN,164312.0,5000.0,23
BTC_TRANSFER_IN,177522.0,2500.0,23
ETH_TRANSFER_IN,183637.0,2500.0,23
BNB_TRANSFER_IN,179943.0,2500.0,23
DEFI1_SWAP,39326.0,5000.0,23
DEPOSIT_VAULT,140301.0,2500.0,23
DEFI2_DEPOSIT,165663.0,2500.0,23
DEFI3_STAKE,23923.0,5000.0,23
DEFI4_SWAP,130783.0,2500.0,23
DEFI5_SWAP,120905.0,2500.0,23
DEFI8_DEPOSIT,11549.0,2500.0,23
NFT1_SELL_OR_MINT,40245.0,2500.0,23
BUY_DOMAIN_ID,7485.0,2500.0,23
GAME1_PLAY,95723.0,2500.0,23
NATIVE_TOKEN_TRANSFER_OUT,156514.0,2500.0,24
NATIVE_TOKEN_TRANSFER_IN,154662.0,1000.0,24
LP_ANY_TOKEN,137770.0,5000.0,24
BTC_TRANSFER_IN,153454.0,2500.0,24
ETH_TRANSFER_IN,153354.0,2500.0,24
BNB_TRANSFER_IN,155124.0,2500.0,24
DEFI1_SWAP,37457.0,5000.0,24
DEPOSIT_VAULT,117087.0,2500.0,24
DEFI2_DEPOSIT,138273.0,2500.0,24
DEFI3_STAKE,18363.0,5000.0,24
DEFI4_SWAP,120668.0,2500.0,24
DEFI5_SWAP,118314.0,2500.0,24
DEFI8_DEPOSIT,12397.0,2500.0,24
NFT1_SELL_OR_MINT,39603.0,2500.0,24
BUY_DOMAIN_ID,6399.0,2500.0,24
GAME1_PLAY,89582.0,2500.0,24
NATIVE_TOKEN_TRANSFER_OUT,160842.0,2500.0,25
NATIVE_TOKEN_TRANSFER_IN,159480.0,1000.0,25
LP_ANY_TOKEN,136463.0,5000.0,25
BTC_TRANSFER_IN,148054.0,2500.0,25
ETH_TRANSFER_IN,153657.0,2500.0,25
BNB_TRANSFER_IN,153728.0,2500.0,25
DEFI1_SWAP,34569.0,5000.0,25
DEPOSIT_VAULT,121762.0,2500.0,25
DEFI2_DEPOSIT,144954.0,2500.0,25
DEFI3_STAKE,14271.0,5000.0,25
DEFI4_SWAP,112101.0,2500.0,25
DEFI5_SWAP,108758.0,2500.0,25
DEFI8_DEPOSIT,11682.0,2500.0,25
NFT1_SELL_OR_MINT,38158.0,2500.0,25
BUY_DOMAIN_ID,5396.0,2500.0,25
GAME1_PLAY,81123.0,2500.0,25
SOCIAL_BUY,31191.0,5000.0,25
NATIVE_TOKEN_TRANSFER_OUT,120864.0,2500.0,26
NATIVE_TOKEN_TRANSFER_IN,119196.0,1000.0,26
LP_ANY_TOKEN,108466.0,5000.0,26
BTC_TRANSFER_IN,111766.0,2500.0,26
ETH_TRANSFER_IN,116477.0,2500.0,26
BNB_TRANSFER_IN,113382.0,2500.0,26
DEFI1_SWAP,32633.0,5000.0,26
DEPOSIT_VAULT,95106.0,2500.0,26
DEFI2_DEPOSIT,106423.0,2500.0,26
DEFI3_STAKE,12712.0,5000.0,26
DEFI4_SWAP,98182.0,2500.0,26
DEFI5_SWAP,97723.0,2500.0,26
DEFI8_DEPOSIT,10685.0,2500.0,26
NFT1_SELL_OR_MINT,36608.0,2500.0,26
GAME1_PLAY,62577.0,2500.0,26
SOCIAL_BUY,23756.0,5000.0,26
NATIVE_TOKEN_TRANSFER_OUT,110513.0,2500.0,27
NATIVE_TOKEN_TRANSFER_IN,109187.0,1000.0,27
LP_ANY_TOKEN,103823.0,5000.0,27
BTC_TRANSFER_IN,107342.0,2500.0,27
ETH_TRANSFER_IN,110895.0,2500.0,27
BNB_TRANSFER_IN,109168.0,2500.0,27
DEFI1_SWAP,30005.0,5000.0,27
DEPOSIT_VAULT,95198.0,2500.0,27
DEFI2_DEPOSIT,102724.0,2500.0,27
DEFI3_STAKE,11929.0,5000.0,27
DEFI4_SWAP,84684.0,2500.0,27
DEFI5_SWAP,82969.0,2500.0,27
DEFI8_DEPOSIT,8506.0,2500.0,27
NFT1_SELL_OR_MINT,34709.0,2500.0,27
GAME1_PLAY,56127.0,2500.0,27
SOCIAL_BUY,21640.0,5000.0,27
DEFI6_TRADE_VOLUME,4691.0,5000.0,27
GAME3_MINT,4888.0,5000.0,27
NATIVE_TOKEN_TRANSFER_OUT,90631.0,2500.0,28
NATIVE_TOKEN_TRANSFER_IN,89082.0,1000.0,28
LP_ANY_TOKEN,85804.0,5000.0,28
BTC_TRANSFER_IN,87065.0,2500.0,28
ETH_TRANSFER_IN,90749.0,2500.0,28
BNB_TRANSFER_IN,89228.0,2500.0,28
DEFI1_SWAP,26810.0,5000.0,28
DEPOSIT_VAULT,76814.0,2500.0,28
DEFI2_DEPOSIT,80932.0,2500.0,28
DEFI3_STAKE,10672.0,5000.0,28
DEFI4_SWAP,79606.0,2500.0,28
DEFI5_SWAP,77943.0,2500.0,28
DEFI8_DEPOSIT,6191.0,2500.0,28
NFT1_SELL_OR_MINT,32228.0,2500.0,28
GAME1_PLAY,53321.0,2500.0,28
SOCIAL_BUY,20316.0,5000.0,28
DEFI6_TRADE_VOLUME,4967.0,5000.0,28
GAME3_MINT,4335.0,5000.0,28
NATIVE_TOKEN_TRANSFER_OUT,69290.0,2500.0,29
NATIVE_TOKEN_TRANSFER_IN,67791.0,1000.0,29
LP_ANY_TOKEN,64649.0,5000.0,29
BTC_TRANSFER_IN,67121.0,2500.0,29
ETH_TRANSFER_IN,70073.0,2500.0,29
BNB_TRANSFER_IN,68857.0,2500.0,29
DEFI1_SWAP,24427.0,5000.0,29
DEPOSIT_VAULT,58321.0,2500.0,29
DEFI2_DEPOSIT,64916.0,2500.0,29
DEFI3_STAKE,9449.0,5000.0,29
DEFI4_SWAP,60648.0,2500.0,29
DEFI5_SWAP,58626.0,2500.0,29
DEFI8_DEPOSIT,4651.0,2500.0,29
NFT1_SELL_OR_MINT,27649.0,2500.0,29
GAME1_PLAY,45454.0,2500.0,29
SOCIAL_BUY,17582.0,5000.0,29
DEFI6_TRADE_VOLUME,4303.0,5000.0,29
GAME3_MINT,3506.0,5000.0,29
NATIVE_TOKEN_TRANSFER_OUT,65161.0,2500.0,30
NATIVE_TOKEN_TRANSFER_IN,64159.0,1000.0,30
LP_ANY_TOKEN,60844.0,5000.0,30
BTC_TRANSFER_IN,63930.0,2500.0,30
ETH_TRANSFER_IN,66222.0,2500.0,30
BNB_TRANSFER_IN,65562.0,2500.0,30
DEFI1_SWAP,23516.0,5000.0,30
DEPOSIT_VAULT,53567.0,2500.0,30
DEFI2_DEPOSIT,62412.0,2500.0,30
DEFI3_STAKE,9030.0,5000.0,30
DEFI4_SWAP,56029.0,2500.0,30
DEFI5_SWAP,54161.0,2500.0,30
DEFI8_DEPOSIT,4395.0,2500.0,30
NFT1_SELL_OR_MINT,26584.0,2500.0,30
GAME1_PLAY,43316.0,2500.0,30
SOCIAL_BUY,17331.0,5000.0,30
DEFI6_TRADE_VOLUME,4146.0,5000.0,30
GAME3_MINT,3445.0,5000.0,30
NATIVE_TOKEN_TRANSFER_OUT,36832.0,500.0,31
NATIVE_TOKEN_TRANSFER_IN,37042.0,500.0,31
DEFI1_SWAP,20428.0,3500.0,31
DEFI2_DEPOSIT,11603.0,5000.0,31
DEFI3_STAKE,10351.0,5000.0,31
DEFI4_SWAP,11451.0,5000.0,31
DEFI5_SWAP,10008.0,5000.0,31
GAME1_PLAY,28164.0,500.0,31
SOCIAL_BUY,17091.0,5000.0,31
DEFI6_TRADE_VOLUME,3922.0,5000.0,31
GAME3_MINT,3774.0,5000.0,31
NATIVE_TOKEN_TRANSFER_OUT,27876.0,500.0,32
NATIVE_TOKEN_TRANSFER_IN,27671.0,500.0,32
DEFI1_SWAP,19005.0,3500.0,32
DEFI2_DEPOSIT,6862.0,5000.0,32
DEFI3_STAKE,9587.0,5000.0,32
DEFI4_SWAP,12752.0,5000.0,32
DEFI5_SWAP,11879.0,5000.0,32
GAME1_PLAY,23142.0,500.0,32
SOCIAL_BUY,16070.0,5000.0,32
DEFI6_TRADE_VOLUME,3953.0,5000.0,32
GAME3_MINT,3482.0,5000.0,32
NATIVE_TOKEN_TRANSFER_OUT,29002.0,500.0,33
NATIVE_TOKEN_TRANSFER_IN,28826.0,500.0,33
DEFI1_SWAP,25367.0,3500.0,33
DEFI2_DEPOSIT,6809.0,5000.0,33
DEFI3_STAKE,20400.0,5000.0,33
DEFI4_SWAP,12027.0,5000.0,33
DEFI5_SWAP,11965.0,5000.0,33
GAME1_PLAY,22468.0,1500.0,33
SOCIAL_BUY,14700.0,5000.0,33
DEFI6_TRADE_VOLUME,4080.0,7500.0,33
GAME3_MINT,3570.0,5000.0,33
NATIVE_TOKEN_TRANSFER_OUT,27564.0,500.0,34
NATIVE_TOKEN_TRANSFER_IN,27677.0,500.0,34
DEFI1_SWAP,25143.0,3500.0,34
DEFI2_DEPOSIT,7013.0,5000.0,34
DEFI3_STAKE,21345.0,5000.0,34
DEFI4_SWAP,12242.0,5000.0,34
DEFI5_SWAP,11763.0,5000.0,34
GAME1_PLAY,20880.0,1500.0,34
SOCIAL_BUY,15033.0,5000.0,34
DEFI6_TRADE_VOLUME,4018.0,7500.0,34
GAME3_MINT,3367.0,5000.0,34
NATIVE_TOKEN_TRANSFER_OUT,23573.0,500.0,35
NATIVE_TOKEN_TRANSFER_IN,23998.0,500.0,35
DEFI1_SWAP,21225.0,3500.0,35
DEFI2_DEPOSIT,5213.0,5000.0,35
DEFI3_STAKE,19527.0,5000.0,35
DEFI4_SWAP,9292.0,5000.0,35
DEFI5_SWAP,8638.0,5000.0,35
GAME1_PLAY,17721.0,1500.0,35
SOCIAL_BUY,12986.0,5000.0,35
DEFI6_TRADE_VOLUME,2439.0,7500.0,35
GAME3_MINT,2540.0,5000.0,35
DEFI7_SWAP,2035.0,5000.0,35
BRIDGE_TOKEN1_FROM_ETHEREUM,820.0,7500.0,35
BRIDGE_TOKEN2_FROM_ETHEREUM,773.0,7500.0,35
STAKE_NATIVE_TOKEN,5449.0,7500.0,35
NATIVE_TOKEN_TRANSFER_OUT,22247.0,500.0,36
NATIVE_TOKEN_TRANSFER_IN,22149.0,500.0,36
DEFI1_SWAP,20118.0,3500.0,36
DEFI2_DEPOSIT,4726.0,5000.0,36
DEFI3_STAKE,18797.0,5000.0,36
DEFI4_SWAP,8884.0,5000.0,36
DEFI5_SWAP,8131.0,5000.0,36
GAME1_PLAY,11071.0,1500.0,36
SOCIAL_BUY,11510.0,5000.0,36
DEFI6_TRADE_VOLUME,2039.0,7500.0,36
GAME3_MINT,2399.0,5000.0,36
DEFI7_SWAP,2230.0,5000.0,36
BRIDGE_TOKEN1_FROM_ETHEREUM,946.0,7500.0,36
BRIDGE_TOKEN2_FROM_ETHEREUM,909.0,7500.0,36
STAKE_NATIVE_TOKEN,6371.0,7500.0,36
GAME2_BUY_ITEM,1413.0,5000.0,36
NATIVE_TOKEN_TRANSFER_OUT,20157.0,500.0,37
NATIVE_TOKEN_TRANSFER_IN,20180.0,500.0,37
DEFI1_SWAP,19169.0,3500.0,37
DEFI2_DEPOSIT,4229.0,5000.0,37
DEFI3_STAKE,18671.0,5000.0,37
DEFI4_SWAP,7924.0,5000.0,37
DEFI5_SWAP,7172.0,5000.0,37
SOCIAL_BUY,10747.0,5000.0,37
DEFI6_TRADE_VOLUME,1824.0,7500.0,37
GAME3_MINT,2197.0,5000.0,37
DEFI7_SWAP,2049.0,5000.0,37
BRIDGE_TOKEN1_FROM_ETHEREUM,1130.0,7500.0,37
BRIDGE_TOKEN2_FROM_ETHEREUM,1089.0,7500.0,37
STAKE_NATIVE_TOKEN,6720.0,7500.0,37
GAME2_BUY_ITEM,1167.0,5000.0,37
CLAIM_GAS_REWARD,2094.0,7500.0,37
BRIDGE_TOKEN3_FROM_ETHEREUM,966.0,7500.0,37
BRIDGE_TOKEN1_FROM_POLYGON,7385.0,7500.0,37
NATIVE_TOKEN_TRANSFER_OUT,16743.0,500.0,38
NATIVE_TOKEN_TRANSFER_IN,16717.0,500.0,38
DEFI1_SWAP,16955.0,3500.0,38
DEFI2_DEPOSIT,3807.0,5000.0,38
DEFI3_STAKE,16678.0,5000.0,38
DEFI4_SWAP,7020.0,5000.0,38
DEFI5_SWAP,6439.0,5000.0,38
SOCIAL_BUY,10087.0,5000.0,38
DEFI6_TRADE_VOLUME,1956.0,7500.0,38
GAME3_MINT,2083.0,5000.0,38
DEFI5_LEND,2473.0,7500.0,38
DEFI7_SWAP,1796.0,5000.0,38
BRIDGE_TOKEN1_FROM_ETHEREUM,1103.0,7500.0,38
BRIDGE_TOKEN2_FROM_ETHEREUM,1075.0,7500.0,38
STAKE_NATIVE_TOKEN,6562.0,7500.0,38
GAME2_BUY_ITEM,1020.0,5000.0,38
CLAIM_GAS_REWARD,3919.0,7500.0,38
BRIDGE_TOKEN3_FROM_ETHEREUM,989.0,7500.0,38
BRIDGE_TOKEN1_FROM_POLYGON,7970.0,7500.0,38
NATIVE_TOKEN_TRANSFER_OUT,19395.0,500.0,39
NATIVE_TOKEN_TRANSFER_IN,19524.0,500.0,39
DEFI1_SWAP,19228.0,3500.0,39
DEFI2_DEPOSIT,3701.0,5000.0,39
DEFI3_STAKE,19002.0,5000.0,39
DEFI4_SWAP,6476.0,5000.0,39
DEFI5_SWAP,5797.0,5000.0,39
SOCIAL_BUY,9454.0,2500.0,39
DEFI6_TRADE_VOLUME,1800.0,7500.0,39
GAME3_MINT,1901.0,5000.0,39
DEFI5_LEND,2664.0,7500.0,39
DEFI7_SWAP,1531.0,5000.0,39
BRIDGE_TOKEN1_FROM_ETHEREUM,937.0,5000.0,39
BRIDGE_TOKEN2_FROM_ETHEREUM,921.0,5000.0,39
STAKE_NATIVE_TOKEN,6454.0,7500.0,39
GAME2_BUY_ITEM,885.0,2500.0,39
CLAIM_GAS_REWARD,9366.0,7500.0,39
BRIDGE_TOKEN3_FROM_ETHEREUM,864.0,5000.0,39
BRIDGE_TOKEN1_FROM_POLYGON,8031.0,7500.0,39
NATIVE_TOKEN_TRANSFER_OUT,17716.0,500.0,40
NATIVE_TOKEN_TRANSFER_IN,17571.0,500.0,40
BTC_TRANSFER_IN,8596.0,500.0,40
ETH_TRANSFER_IN,23989.0,500.0,40
BNB_TRANSFER_IN,7488.0,500.0,40
DEFI1_SWAP,27239.0,3500.0,40
DEFI2_DEPOSIT,2690.0,7500.0,40
DEFI3_STAKE,27966.0,5000.0,40
DEFI4_SWAP,5917.0,5000.0,40
DEFI5_SWAP,5455.0,5000.0,40
SOCIAL_BUY,8271.0,2500.0,40
DEFI6_SINGLE_TRADE_VOLUME,1556.0,7500.0,40
GAME3_MINT,1596.0,5000.0,40
DEFI5_LEND,2807.0,7500.0,40
DEFI7_SWAP,1310.0,5000.0,40
BRIDGE_TOKEN1_FROM_ETHEREUM,847.0,5000.0,40
BRIDGE_TOKEN2_FROM_ETHEREUM,826.0,5000.0,40
STAKE_NATIVE_TOKEN,6302.0,7500.0,40
GAME2_BUY_ITEM,851.0,2500.0,40
CLAIM_GAS_REWARD,29769.0,7500.0,40
BRIDGE_TOKEN3_FROM_ETHEREUM,807.0,5000.0,40
BRIDGE_TOKEN1_FROM_POLYGON,7362.0,7500.0,40
NATIVE_TOKEN_TRANSFER_OUT,13641.0,500.0,41
NATIVE_TOKEN_TRANSFER_IN,17499.0,500.0,41
BTC_TRANSFER_IN,8364.0,500.0,41
ETH_TRANSFER_IN,18100.0,500.0,41
BNB_TRANSFER_IN,7407.0,500.0,41
DEFI1_SWAP,18886.0,3500.0,41
DEFI2_DEPOSIT,2472.0,7500.0,41
DEFI3_STAKE,22517.0,5000.0,41
DEFI4_SWAP,5653.0,5000.0,41
DEFI5_SWAP,5301.0,5000.0,41
SOCIAL_BUY,7210.0,2500.0,41
DEFI6_SINGLE_TRADE_VOLUME,1533.0,7500.0,41
GAME3_MINT,1667.0,5000.0,41
DEFI5_LEND,2834.0,7500.0,41
DEFI7_SWAP,1294.0,5000.0,41
BRIDGE_TOKEN1_FROM_ETHEREUM,773.0,5000.0,41
BRIDGE_TOKEN2_FROM_ETHEREUM,763.0,5000.0,41
STAKE_NATIVE_TOKEN,6268.0,7500.0,41
GAME2_BUY_ITEM,749.0,2500.0,41
CLAIM_GAS_REWARD,39675.0,7500.0,41
BRIDGE_TOKEN3_FROM_ETHEREUM,738.0,5000.0,41
BRIDGE_TOKEN1_FROM_POLYGON,6631.0,7500.0,41
NATIVE_TOKEN_TRANSFER_OUT,17449.0,500.0,42
NATIVE_TOKEN_TRANSFER_IN,17119.0,500.0,42
BTC_TRANSFER_IN,11886.0,500.0,42
ETH_TRANSFER_IN,31842.0,500.0,42
BNB_TRANSFER_IN,11050.0,500.0,42
DEFI1_SWAP,16967.0,3500.0,42
DEFI2_DEPOSIT,2889.0,7500.0,42
DEFI3_STAKE,16598.0,5000.0,42
DEFI4_SWAP,5937.0,5000.0,42
DEFI5_SWAP,5596.0,5000.0,42
SOCIAL_BUY,7874.0,2500.0,42
DEFI6_SINGLE_TRADE_VOLUME,1500.0,7500.0,42
GAME3_MINT,1504.0,5000.0,42
DEFI5_LEND,3358.0,7500.0,42
DEFI7_SWAP,1583.0,5000.0,42
BRIDGE_TOKEN1_FROM_ETHEREUM,304.0,5000.0,42
BRIDGE_TOKEN2_FROM_ETHEREUM,297.0,5000.0,42
STAKE_NATIVE_TOKEN,7152.0,7500.0,42
CLAIM_GAS_REWARD,43341.0,7500.0,42
BRIDGE_TOKEN3_FROM_ETHEREUM,311.0,5000.0,42
BRIDGE_TOKEN1_FROM_POLYGON,6968.0,7500.0,42